<TICKER>;<PER>;<DATE>;<TIME>;<OPEN>;<HIGH>;<LOW>;<CLOSE>;<VOL>
VTBR;D;01/12/20;00:00:00;0.0373850;0.0378250;0.0372700;0.0377000;29852440000
VTBR;D;02/12/20;00:00:00;0.0375500;0.0380500;0.0374700;0.0379700;33236820000
VTBR;D;03/12/20;00:00:00;0.0379950;0.0384300;0.0373400;0.0377550;46388570000
VTBR;D;04/12/20;00:00:00;0.0378350;0.0381000;0.0377000;0.0378350;39926930000
VTBR;D;07/12/20;00:00:00;0.0377950;0.0379850;0.0374450;0.0374900;25896520000
VTBR;D;08/12/20;00:00:00;0.0374800;0.0378000;0.0370500;0.0374800;26196850000
VTBR;D;09/12/20;00:00:00;0.0375050;0.0379400;0.0372500;0.0373200;31227560000
VTBR;D;10/12/20;00:00:00;0.0374200;0.0381400;0.0372300;0.0380300;47833580000
VTBR;D;11/12/20;00:00:00;0.0380750;0.0382300;0.0377000;0.0379450;35719410000
VTBR;D;14/12/20;00:00:00;0.0381500;0.0386950;0.0375000;0.0378300;63760160000
VTBR;D;15/12/20;00:00:00;0.0377100;0.0380400;0.0376100;0.0377650;39265700000
VTBR;D;16/12/20;00:00:00;0.0378200;0.0385000;0.0377000;0.0383150;64465980000
VTBR;D;17/12/20;00:00:00;0.0383500;0.0389400;0.0380050;0.0383500;48285610000
VTBR;D;18/12/20;00:00:00;0.0381950;0.0383650;0.0378250;0.0381500;29649110000
VTBR;D;21/12/20;00:00:00;0.0379550;0.0380450;0.0365150;0.0371800;58457380000
VTBR;D;22/12/20;00:00:00;0.0368950;0.0375400;0.0367550;0.0372050;27808460000
VTBR;D;23/12/20;00:00:00;0.0372850;0.0381450;0.0371550;0.0379450;33245910000
VTBR;D;24/12/20;00:00:00;0.0381050;0.0382700;0.0376700;0.0378300;17825410000
VTBR;D;25/12/20;00:00:00;0.0378500;0.0380750;0.0378000;0.0379500;9898910000
VTBR;D;28/12/20;00:00:00;0.0383000;0.0383150;0.0379000;0.0380100;18188520000
VTBR;D;29/12/20;00:00:00;0.0381550;0.0382200;0.0374650;0.0377550;16669170000
VTBR;D;30/12/20;00:00:00;0.0378400;0.0381800;0.0375000;0.0378950;17773750000
VTBR;D;04/01/21;00:00:00;0.0380250;0.0385200;0.0378000;0.0379250;23826040000
VTBR;D;05/01/21;00:00:00;0.0379350;0.0386000;0.0378550;0.0384450;28782590000
VTBR;D;06/01/21;00:00:00;0.0385250;0.0385950;0.0380500;0.0382350;25428390000
VTBR;D;08/01/21;00:00:00;0.0385200;0.0390950;0.0384450;0.0389400;39504750000
VTBR;D;11/01/21;00:00:00;0.0387400;0.0400500;0.0384100;0.0398900;60293350000
VTBR;D;12/01/21;00:00:00;0.0400500;0.0405500;0.0397500;0.0401750;49414150000
VTBR;D;13/01/21;00:00:00;0.0402050;0.0404600;0.0395100;0.0397350;37088800000
VTBR;D;14/01/21;00:00:00;0.0397900;0.0401000;0.0392600;0.0398750;26614430000
VTBR;D;15/01/21;00:00:00;0.0397350;0.0414400;0.0392000;0.0395600;84199700000
VTBR;D;18/01/21;00:00:00;0.0393650;0.0394400;0.0387550;0.0391600;39167780000
VTBR;D;19/01/21;00:00:00;0.0393600;0.0394750;0.0385500;0.0386450;33754240000
VTBR;D;20/01/21;00:00:00;0.0386750;0.0389100;0.0386000;0.0387900;24767440000
VTBR;D;21/01/21;00:00:00;0.0389750;0.0389900;0.0377900;0.0378700;37873510000
VTBR;D;22/01/21;00:00:00;0.0376500;0.0377400;0.0370800;0.0373700;33368140000
VTBR;D;25/01/21;00:00:00;0.0375700;0.0379000;0.0374050;0.0377200;25833990000
VTBR;D;26/01/21;00:00:00;0.0375500;0.0378250;0.0373500;0.0377200;18534280000
VTBR;D;27/01/21;00:00:00;0.0377950;0.0378850;0.0370200;0.0370650;24553950000
VTBR;D;28/01/21;00:00:00;0.0370150;0.0373200;0.0364000;0.0370900;34054250000
VTBR;D;29/01/21;00:00:00;0.0369350;0.0369550;0.0365500;0.0366350;22231830000
VTBR;D;01/02/21;00:00:00;0.0368050;0.0371450;0.0366350;0.0369450;20868410000
VTBR;D;02/02/21;00:00:00;0.0371050;0.0375300;0.0368500;0.0369450;27879580000
VTBR;D;03/02/21;00:00:00;0.0370950;0.0373750;0.0367500;0.0370000;22583830000
VTBR;D;04/02/21;00:00:00;0.0369300;0.0374000;0.0369300;0.0373800;18425370000
VTBR;D;05/02/21;00:00:00;0.0374600;0.0380750;0.0373150;0.0378850;29788030000
VTBR;D;08/02/21;00:00:00;0.0380300;0.0383400;0.0380200;0.0382850;19924360000
VTBR;D;09/02/21;00:00:00;0.0383750;0.0384250;0.0375900;0.0378050;25137910000
VTBR;D;10/02/21;00:00:00;0.0378600;0.0380700;0.0372800;0.0373700;16850560000
VTBR;D;11/02/21;00:00:00;0.0373700;0.0377300;0.0372350;0.0374700;12235000000
VTBR;D;12/02/21;00:00:00;0.0374200;0.0376900;0.0369450;0.0376850;20117990000
VTBR;D;15/02/21;00:00:00;0.0378400;0.0381450;0.0377500;0.0380800;21239530000
VTBR;D;16/02/21;00:00:00;0.0381600;0.0382250;0.0377000;0.0378900;15712950000
VTBR;D;17/02/21;00:00:00;0.0378600;0.0383000;0.0373800;0.0376800;23405520000
VTBR;D;18/02/21;00:00:00;0.0376900;0.0377350;0.0367550;0.0369400;25669960000
VTBR;D;19/02/21;00:00:00;0.0368050;0.0374650;0.0367150;0.0373800;20646160000
VTBR;D;20/02/21;00:00:00;0.0373200;0.0373800;0.0371500;0.0373100;3098040000
VTBR;D;22/02/21;00:00:00;0.0374600;0.0376250;0.0369700;0.0373500;10317550000
VTBR;D;24/02/21;00:00:00;0.0372000;0.0375800;0.0371100;0.0374800;16602680000
VTBR;D;25/02/21;00:00:00;0.0375500;0.0381000;0.0373250;0.0374150;36406460000
VTBR;D;26/02/21;00:00:00;0.0372800;0.0377200;0.0369600;0.0370750;33532730000
VTBR;D;01/03/21;00:00:00;0.0372600;0.0374600;0.0372150;0.0373850;14681550000
VTBR;D;02/03/21;00:00:00;0.0372700;0.0377300;0.0371250;0.0376050;19682030000
VTBR;D;03/03/21;00:00:00;0.0377750;0.0380850;0.0373000;0.0374450;25544080000
VTBR;D;04/03/21;00:00:00;0.0374700;0.0377550;0.0368500;0.0369750;31175250000
VTBR;D;05/03/21;00:00:00;0.0371600;0.0376000;0.0369650;0.0375900;25882480000
VTBR;D;09/03/21;00:00:00;0.0376400;0.0386350;0.0375950;0.0384650;40764200000
VTBR;D;10/03/21;00:00:00;0.0383000;0.0390900;0.0380850;0.0383100;26415870000
VTBR;D;11/03/21;00:00:00;0.0384350;0.0386550;0.0378150;0.0382650;24632460000
VTBR;D;12/03/21;00:00:00;0.0382800;0.0382950;0.0379750;0.0381750;12839710000
VTBR;D;15/03/21;00:00:00;0.0383000;0.0388000;0.0382050;0.0385700;22959230000
VTBR;D;16/03/21;00:00:00;0.0385000;0.0389200;0.0383000;0.0387650;19199060000
VTBR;D;17/03/21;00:00:00;0.0387500;0.0388250;0.0378450;0.0382150;26202870000
VTBR;D;18/03/21;00:00:00;0.0383300;0.0384500;0.0374450;0.0376100;26253390000
VTBR;D;19/03/21;00:00:00;0.0376300;0.0380300;0.0374200;0.0378500;27769730000
VTBR;D;22/03/21;00:00:00;0.0378100;0.0386000;0.0377200;0.0381600;29542990000
VTBR;D;23/03/21;00:00:00;0.0380900;0.0382900;0.0376250;0.0378000;22963540000
VTBR;D;24/03/21;00:00:00;0.0379500;0.0381950;0.0378150;0.0379150;13779590000
VTBR;D;25/03/21;00:00:00;0.0379200;0.0381650;0.0376700;0.0380500;13863770000
VTBR;D;26/03/21;00:00:00;0.0381100;0.0384600;0.0381050;0.0383800;12057530000
VTBR;D;29/03/21;00:00:00;0.0383050;0.0389000;0.0381350;0.0387850;25066570000
VTBR;D;30/03/21;00:00:00;0.0389500;0.0399350;0.0388500;0.0398600;36307520000
VTBR;D;31/03/21;00:00:00;0.0399100;0.0428900;0.0398500;0.0427150;183364910000
VTBR;D;01/04/21;00:00:00;0.0430100;0.0436350;0.0423000;0.0425800;93354520000
VTBR;D;02/04/21;00:00:00;0.0427750;0.0431750;0.0420700;0.0428550;38628630000
VTBR;D;05/04/21;00:00:00;0.0428550;0.0444300;0.0427250;0.0443750;71690840000
VTBR;D;06/04/21;00:00:00;0.0444850;0.0449350;0.0428300;0.0429000;96153500000
VTBR;D;07/04/21;00:00:00;0.0429400;0.0444000;0.0426750;0.0441000;55991110000
VTBR;D;08/04/21;00:00:00;0.0443800;0.0449800;0.0438650;0.0440550;50183460000
VTBR;D;09/04/21;00:00:00;0.0440550;0.0441450;0.0434000;0.0437500;30685920000
VTBR;D;12/04/21;00:00:00;0.0436000;0.0445000;0.0433500;0.0440200;27490580000
VTBR;D;13/04/21;00:00:00;0.0442050;0.0455000;0.0441650;0.0454800;55308140000
VTBR;D;14/04/21;00:00:00;0.0457200;0.0471800;0.0456250;0.0467600;83028330000
VTBR;D;15/04/21;00:00:00;0.0459250;0.0467050;0.0456450;0.0463550;39375660000
VTBR;D;16/04/21;00:00:00;0.0467550;0.0475400;0.0465650;0.0474750;52215500000
VTBR;D;19/04/21;00:00:00;0.0476000;0.0478000;0.0463500;0.0464200;53776260000
VTBR;D;20/04/21;00:00:00;0.0466750;0.0482000;0.0459250;0.0468250;136845990000
VTBR;D;21/04/21;00:00:00;0.0467650;0.0479500;0.0464950;0.0478600;67672170000
VTBR;D;22/04/21;00:00:00;0.0479900;0.0482700;0.0472200;0.0480000;57146490000
VTBR;D;23/04/21;00:00:00;0.0481600;0.0515000;0.0480950;0.0513600;192176100000
VTBR;D;26/04/21;00:00:00;0.0518100;0.0521600;0.0504100;0.0513150;107092710000
VTBR;D;27/04/21;00:00:00;0.0513600;0.0517700;0.0508800;0.0512950;59668180000
VTBR;D;28/04/21;00:00:00;0.0516400;0.0517200;0.0501400;0.0503300;71944660000
VTBR;D;29/04/21;00:00:00;0.0506250;0.0512400;0.0494500;0.0500100;66592400000
VTBR;D;30/04/21;00:00:00;0.0498250;0.0516800;0.0495550;0.0516000;73626500000
VTBR;D;04/05/21;00:00:00;0.0518900;0.0549000;0.0517200;0.0546950;144339140000
VTBR;D;05/05/21;00:00:00;0.0548350;0.0556550;0.0535300;0.0541250;76267680000
VTBR;D;06/05/21;00:00:00;0.0541950;0.0548450;0.0535650;0.0542850;37924440000
VTBR;D;07/05/21;00:00:00;0.0544600;0.0545500;0.0524200;0.0527250;56897060000
VTBR;D;10/05/21;00:00:00;0.0529550;0.0531950;0.0502200;0.0508950;64890990000
VTBR;D;11/05/21;00:00:00;0.0508000;0.0516400;0.0495000;0.0495800;87124770000
VTBR;D;12/05/21;00:00:00;0.0498000;0.0501000;0.0484050;0.0486050;84964420000
VTBR;D;13/05/21;00:00:00;0.0487250;0.0512600;0.0485700;0.0510550;78435810000
VTBR;D;14/05/21;00:00:00;0.0512750;0.0515500;0.0496000;0.0500750;55181590000
VTBR;D;17/05/21;00:00:00;0.0501900;0.0503350;0.0477650;0.0479600;105350800000
VTBR;D;18/05/21;00:00:00;0.0481500;0.0485800;0.0456000;0.0456700;218952290000
VTBR;D;19/05/21;00:00:00;0.0451950;0.0474200;0.0441100;0.0453000;345383220000
VTBR;D;20/05/21;00:00:00;0.0454900;0.0466700;0.0447700;0.0463200;144516270000
VTBR;D;21/05/21;00:00:00;0.0464150;0.0464250;0.0451600;0.0456050;84364270000
VTBR;D;24/05/21;00:00:00;0.0458150;0.0460750;0.0451450;0.0454150;52714750000
VTBR;D;25/05/21;00:00:00;0.0454550;0.0456550;0.0451500;0.0453600;43736580000
VTBR;D;26/05/21;00:00:00;0.0455350;0.0477700;0.0455150;0.0474850;170810830000
VTBR;D;27/05/21;00:00:00;0.0474200;0.0491900;0.0468200;0.0486950;189240590000
VTBR;D;28/05/21;00:00:00;0.0488900;0.0490900;0.0478300;0.0483950;54151190000
VTBR;D;31/05/21;00:00:00;0.0484500;0.0489700;0.0484050;0.0487500;38974930000
VTBR;D;01/06/21;00:00:00;0.0489000;0.0500500;0.0487500;0.0495500;100617540000
VTBR;D;02/06/21;00:00:00;0.0495950;0.0499450;0.0488600;0.0499200;59806230000
VTBR;D;03/06/21;00:00:00;0.0500950;0.0502950;0.0489150;0.0493850;59963900000
VTBR;D;04/06/21;00:00:00;0.0494000;0.0494450;0.0478600;0.0486150;78822540000
VTBR;D;07/06/21;00:00:00;0.0485000;0.0490600;0.0483050;0.0487950;32884200000
VTBR;D;08/06/21;00:00:00;0.0487000;0.0501000;0.0485900;0.0500000;76961100000
VTBR;D;09/06/21;00:00:00;0.0500700;0.0511950;0.0500250;0.0511650;77661600000
VTBR;D;10/06/21;00:00:00;0.0512000;0.0513600;0.0500300;0.0502600;51271300000
VTBR;D;11/06/21;00:00:00;0.0504150;0.0509600;0.0499400;0.0504050;45865410000
VTBR;D;14/06/21;00:00:00;0.0505000;0.0507450;0.0498000;0.0499350;30622580000
VTBR;D;15/06/21;00:00:00;0.0500350;0.0502950;0.0488050;0.0491650;57334660000
VTBR;D;16/06/21;00:00:00;0.0491750;0.0496200;0.0478950;0.0483800;71860750000
VTBR;D;17/06/21;00:00:00;0.0481850;0.0487200;0.0477800;0.0484600;60652480000
VTBR;D;18/06/21;00:00:00;0.0484400;0.0484800;0.0472000;0.0473450;73766660000
VTBR;D;21/06/21;00:00:00;0.0471850;0.0485000;0.0467000;0.0482650;58724780000
VTBR;D;22/06/21;00:00:00;0.0485050;0.0486300;0.0479000;0.0482250;39033730000
VTBR;D;23/06/21;00:00:00;0.0483400;0.0486100;0.0479350;0.0482250;28779910000
VTBR;D;24/06/21;00:00:00;0.0483750;0.0492150;0.0480400;0.0485000;52358780000
VTBR;D;25/06/21;00:00:00;0.0486550;0.0489400;0.0483050;0.0486350;21823920000
VTBR;D;28/06/21;00:00:00;0.0488350;0.0497250;0.0463300;0.0496100;57709030000
VTBR;D;29/06/21;00:00:00;0.0495950;0.0496000;0.0481500;0.0486600;52136440000
VTBR;D;30/06/21;00:00:00;0.0488000;0.0489800;0.0476000;0.0484750;75750080000
VTBR;D;01/07/21;00:00:00;0.0485650;0.0491000;0.0484900;0.0489150;40335010000
VTBR;D;02/07/21;00:00:00;0.0489050;0.0490100;0.0485500;0.0487700;21836410000
VTBR;D;05/07/21;00:00:00;0.0488400;0.0507750;0.0487100;0.0505450;65518730000
VTBR;D;06/07/21;00:00:00;0.0507200;0.0508750;0.0491050;0.0494800;62045660000
VTBR;D;07/07/21;00:00:00;0.0496900;0.0499300;0.0490650;0.0494000;48431040000
VTBR;D;08/07/21;00:00:00;0.0490900;0.0491650;0.0484000;0.0486950;45262600000
VTBR;D;09/07/21;00:00:00;0.0487850;0.0491750;0.0484200;0.0489950;34188300000
VTBR;D;12/07/21;00:00:00;0.0491750;0.0493000;0.0485550;0.0488900;31009840000
VTBR;D;13/07/21;00:00:00;0.0489950;0.0490550;0.0481200;0.0482250;36648440000
VTBR;D;14/07/21;00:00:00;0.0470550;0.0474750;0.0469200;0.0473100;39001740000
VTBR;D;15/07/21;00:00:00;0.0473000;0.0478500;0.0468800;0.0471900;38173290000
VTBR;D;16/07/21;00:00:00;0.0471900;0.0477500;0.0470600;0.0472500;33676270000
VTBR;D;19/07/21;00:00:00;0.0470900;0.0472150;0.0456850;0.0460000;63299450000
VTBR;D;20/07/21;00:00:00;0.0461150;0.0465250;0.0458000;0.0462500;36741090000
VTBR;D;21/07/21;00:00:00;0.0462250;0.0470000;0.0460100;0.0469300;24683160000
VTBR;D;22/07/21;00:00:00;0.0470100;0.0474100;0.0465950;0.0467600;29518320000
VTBR;D;23/07/21;00:00:00;0.0469150;0.0470450;0.0465300;0.0467350;24831820000
VTBR;D;26/07/21;00:00:00;0.0465400;0.0467850;0.0463250;0.0465800;32495510000
VTBR;D;27/07/21;00:00:00;0.0464750;0.0466950;0.0460000;0.0462350;47592060000
VTBR;D;28/07/21;00:00:00;0.0463400;0.0481500;0.0462300;0.0480000;61930910000
VTBR;D;29/07/21;00:00:00;0.0481800;0.0490000;0.0478450;0.0483600;58742150000
VTBR;D;30/07/21;00:00:00;0.0483400;0.0488450;0.0476700;0.0484600;78190360000
VTBR;D;02/08/21;00:00:00;0.0489000;0.0494000;0.0485850;0.0487850;53822660000
VTBR;D;03/08/21;00:00:00;0.0488250;0.0492850;0.0481000;0.0489950;33794470000
VTBR;D;04/08/21;00:00:00;0.0491000;0.0491800;0.0488450;0.0491250;27314730000
VTBR;D;05/08/21;00:00:00;0.0491900;0.0499950;0.0490000;0.0496800;40713830000
VTBR;D;06/08/21;00:00:00;0.0497200;0.0503250;0.0493650;0.0499450;44798830000
VTBR;D;09/08/21;00:00:00;0.0497900;0.0514500;0.0494000;0.0510050;60242480000
VTBR;D;10/08/21;00:00:00;0.0513200;0.0521250;0.0511000;0.0518500;58371550000
VTBR;D;11/08/21;00:00:00;0.0519000;0.0531350;0.0515750;0.0531200;67692920000
VTBR;D;12/08/21;00:00:00;0.0531200;0.0534000;0.0518100;0.0520750;59174230000
VTBR;D;13/08/21;00:00:00;0.0520700;0.0526700;0.0512950;0.0514450;34576570000
VTBR;D;16/08/21;00:00:00;0.0512950;0.0524200;0.0510650;0.0523850;30904730000
VTBR;D;17/08/21;00:00:00;0.0522950;0.0530900;0.0521200;0.0523850;51862550000
VTBR;D;18/08/21;00:00:00;0.0526250;0.0527950;0.0511350;0.0511900;36457840000
VTBR;D;19/08/21;00:00:00;0.0510100;0.0510200;0.0498250;0.0504800;66071730000
VTBR;D;20/08/21;00:00:00;0.0504050;0.0511000;0.0495800;0.0506850;43915320000
VTBR;D;23/08/21;00:00:00;0.0512000;0.0514150;0.0509350;0.0513000;22122610000
VTBR;D;24/08/21;00:00:00;0.0513700;0.0517400;0.0505700;0.0510650;34744650000
VTBR;D;25/08/21;00:00:00;0.0510600;0.0512900;0.0504000;0.0510850;25775330000
VTBR;D;26/08/21;00:00:00;0.0509900;0.0510850;0.0498000;0.0500450;30228780000
VTBR;D;27/08/21;00:00:00;0.0502750;0.0508750;0.0497000;0.0508050;32729420000
VTBR;D;30/08/21;00:00:00;0.0508400;0.0522500;0.0508400;0.0521500;50997930000
VTBR;D;31/08/21;00:00:00;0.0523500;0.0529950;0.0521750;0.0526900;72008770000
VTBR;D;01/09/21;00:00:00;0.0529500;0.0532150;0.0524100;0.0532000;39137980000
VTBR;D;02/09/21;00:00:00;0.0533300;0.0535000;0.0521500;0.0524450;37272650000
VTBR;D;03/09/21;00:00:00;0.0525000;0.0529000;0.0518500;0.0524000;43176820000
VTBR;D;06/09/21;00:00:00;0.0526250;0.0545400;0.0525000;0.0540900;67832490000
VTBR;D;07/09/21;00:00:00;0.0543700;0.0548400;0.0530500;0.0536400;54673900000
VTBR;D;08/09/21;00:00:00;0.0538000;0.0544000;0.0529200;0.0537850;50136860000
VTBR;D;09/09/21;00:00:00;0.0537000;0.0537050;0.0522750;0.0523900;46935220000
VTBR;D;10/09/21;00:00:00;0.0526600;0.0532250;0.0517600;0.0519500;35833760000
VTBR;D;13/09/21;00:00:00;0.0522550;0.0525500;0.0519000;0.0525500;30488970000
VTBR;D;14/09/21;00:00:00;0.0525900;0.0527500;0.0512750;0.0514950;45190150000
VTBR;D;15/09/21;00:00:00;0.0515050;0.0524850;0.0511250;0.0521200;57177400000
VTBR;D;16/09/21;00:00:00;0.0520950;0.0523900;0.0511300;0.0516350;41151280000
VTBR;D;17/09/21;00:00:00;0.0516400;0.0519000;0.0512000;0.0514000;37145880000
VTBR;D;20/09/21;00:00:00;0.0510000;0.0510500;0.0494000;0.0499800;46619260000
VTBR;D;21/09/21;00:00:00;0.0502500;0.0507050;0.0494550;0.0500650;42503320000
VTBR;D;22/09/21;00:00:00;0.0505050;0.0511500;0.0499000;0.0508150;44608180000
VTBR;D;23/09/21;00:00:00;0.0510200;0.0513050;0.0501500;0.0507950;38142140000
VTBR;D;24/09/21;00:00:00;0.0507600;0.0511250;0.0503800;0.0509250;25031000000
VTBR;D;27/09/21;00:00:00;0.0513200;0.0523500;0.0511000;0.0523450;42785950000
VTBR;D;28/09/21;00:00:00;0.0524100;0.0531100;0.0505500;0.0508550;78922860000
VTBR;D;29/09/21;00:00:00;0.0508000;0.0515950;0.0504650;0.0509600;35752810000
VTBR;D;30/09/21;00:00:00;0.0512050;0.0522200;0.0511400;0.0516700;70384090000
VTBR;D;01/10/21;00:00:00;0.0512000;0.0515000;0.0508300;0.0514850;31062440000
VTBR;D;04/10/21;00:00:00;0.0514250;0.0524000;0.0509400;0.0516800;64507880000
VTBR;D;05/10/21;00:00:00;0.0519100;0.0539950;0.0515800;0.0538350;92923040000
VTBR;D;06/10/21;00:00:00;0.0539800;0.0549000;0.0527100;0.0541600;127190130000
VTBR;D;07/10/21;00:00:00;0.0545050;0.0551000;0.0537100;0.0542800;73785880000
VTBR;D;08/10/21;00:00:00;0.0543100;0.0547500;0.0538300;0.0545950;52683550000
VTBR;D;11/10/21;00:00:00;0.0548800;0.0565400;0.0547300;0.0561900;118882220000
VTBR;D;12/10/21;00:00:00;0.0558150;0.0559500;0.0552050;0.0553900;52215270000
VTBR;D;13/10/21;00:00:00;0.0555000;0.0556500;0.0543400;0.0551100;58989140000
VTBR;D;14/10/21;00:00:00;0.0553750;0.0560000;0.0545600;0.0553700;68234340000
VTBR;D;15/10/21;00:00:00;0.0555000;0.0557450;0.0549500;0.0556000;33823140000
VTBR;D;18/10/21;00:00:00;0.0555900;0.0558250;0.0550600;0.0557650;28656530000
VTBR;D;19/10/21;00:00:00;0.0561600;0.0574950;0.0558050;0.0574000;102410640000
VTBR;D;20/10/21;00:00:00;0.0572500;0.0575000;0.0562450;0.0566100;69015200000
VTBR;D;21/10/21;00:00:00;0.0561950;0.0565000;0.0546300;0.0551600;72371810000
VTBR;D;22/10/21;00:00:00;0.0552100;0.0559000;0.0542050;0.0544000;65823070000
VTBR;D;25/10/21;00:00:00;0.0547950;0.0562000;0.0539450;0.0561700;64170560000
VTBR;D;26/10/21;00:00:00;0.0564050;0.0564200;0.0555550;0.0559700;56624650000
VTBR;D;27/10/21;00:00:00;0.0552700;0.0560000;0.0549250;0.0550600;55190260000
VTBR;D;28/10/21;00:00:00;0.0549400;0.0552850;0.0530800;0.0537650;76476070000
VTBR;D;29/10/21;00:00:00;0.0534600;0.0535900;0.0520000;0.0527300;93209870000
VTBR;D;01/11/21;00:00:00;0.0527500;0.0535500;0.0523200;0.0535400;58731860000
VTBR;D;02/11/21;00:00:00;0.0536000;0.0537200;0.0523600;0.0528200;56257250000
VTBR;D;03/11/21;00:00:00;0.0524450;0.0529850;0.0518000;0.0528850;47766520000
VTBR;D;05/11/21;00:00:00;0.0524950;0.0528600;0.0521400;0.0528150;31781040000
VTBR;D;08/11/21;00:00:00;0.0531000;0.0533700;0.0518650;0.0523700;47113600000
VTBR;D;09/11/21;00:00:00;0.0522900;0.0523700;0.0510000;0.0515200;63044870000
VTBR;D;10/11/21;00:00:00;0.0513800;0.0516650;0.0500000;0.0500250;73373900000
VTBR;D;11/11/21;00:00:00;0.0501950;0.0514850;0.0500500;0.0512500;74183260000
VTBR;D;12/11/21;00:00:00;0.0513300;0.0515400;0.0495700;0.0502900;92636560000
VTBR;D;15/11/21;00:00:00;0.0503050;0.0523100;0.0501700;0.0518900;87658880000
VTBR;D;16/11/21;00:00:00;0.0521350;0.0522450;0.0508100;0.0510400;51833980000
VTBR;D;17/11/21;00:00:00;0.0509450;0.0519600;0.0508850;0.0515650;37425310000
VTBR;D;18/11/21;00:00:00;0.0515000;0.0530100;0.0505300;0.0525500;88356330000
VTBR;D;19/11/21;00:00:00;0.0530000;0.0532400;0.0501250;0.0504950;127245140000
VTBR;D;22/11/21;00:00:00;0.0501900;0.0503600;0.0480300;0.0484050;122087360000
VTBR;D;23/11/21;00:00:00;0.0481500;0.0500000;0.0470250;0.0498750;105029940000
VTBR;D;24/11/21;00:00:00;0.0501500;0.0503650;0.0489250;0.0493500;47920780000
VTBR;D;25/11/21;00:00:00;0.0495550;0.0496950;0.0486700;0.0487900;34386400000
VTBR;D;26/11/21;00:00:00;0.0476600;0.0479900;0.0465200;0.0465800;87388770000
VTBR;D;29/11/21;00:00:00;0.0476000;0.0480550;0.0465250;0.0473750;86170700000
VTBR;D;30/11/21;00:00:00;0.0465700;0.0480000;0.0464400;0.0471950;85805360000
VTBR;D;01/12/21;00:00:00;0.0477450;0.0485950;0.0472000;0.0475800;73891730000
VTBR;D;02/12/21;00:00:00;0.0476200;0.0490800;0.0476200;0.0489300;63022700000
VTBR;D;03/12/21;00:00:00;0.0491500;0.0492650;0.0481800;0.0486100;40929580000
VTBR;D;06/12/21;00:00:00;0.0487900;0.0492200;0.0474350;0.0480100;44443840000
VTBR;D;07/12/21;00:00:00;0.0480100;0.0486750;0.0471000;0.0483800;66568160000
VTBR;D;08/12/21;00:00:00;0.0485050;0.0491800;0.0466550;0.0472550;63970100000
VTBR;D;09/12/21;00:00:00;0.0473350;0.0479350;0.0464700;0.0469150;51939700000
VTBR;D;10/12/21;00:00:00;0.0470450;0.0471000;0.0458150;0.0459350;73401050000
VTBR;D;13/12/21;00:00:00;0.0460700;0.0462350;0.0424700;0.0429300;140553590000
VTBR;D;14/12/21;00:00:00;0.0428850;0.0445500;0.0390900;0.0444400;153659460000
VTBR;D;15/12/21;00:00:00;0.0445000;0.0448800;0.0434600;0.0447950;61033850000
VTBR;D;16/12/21;00:00:00;0.0448000;0.0467100;0.0447950;0.0462400;88077520000
VTBR;D;17/12/21;00:00:00;0.0461450;0.0473300;0.0456350;0.0469050;65035760000
VTBR;D;20/12/21;00:00:00;0.0465000;0.0465950;0.0453500;0.0463650;66018850000
VTBR;D;21/12/21;00:00:00;0.0465100;0.0474750;0.0460600;0.0473400;55892470000
VTBR;D;22/12/21;00:00:00;0.0472750;0.0481950;0.0469500;0.0475750;59553050000
VTBR;D;23/12/21;00:00:00;0.0475900;0.0482000;0.0469750;0.0472000;37773120000
VTBR;D;24/12/21;00:00:00;0.0472250;0.0473450;0.0462050;0.0470900;34994850000
VTBR;D;27/12/21;00:00:00;0.0470350;0.0480500;0.0470100;0.0477300;47058120000
VTBR;D;28/12/21;00:00:00;0.0478200;0.0484500;0.0476750;0.0483950;48831590000
VTBR;D;29/12/21;00:00:00;0.0484150;0.0485800;0.0477600;0.0484300;28213750000
VTBR;D;30/12/21;00:00:00;0.0484250;0.0486150;0.0479250;0.0481950;30718110000
VTBR;D;03/01/22;00:00:00;0.0483500;0.0494950;0.0483500;0.0494500;27952860000
VTBR;D;04/01/22;00:00:00;0.0494550;0.0498700;0.0490600;0.0497000;29795100000
VTBR;D;05/01/22;00:00:00;0.0495900;0.0498650;0.0471750;0.0473600;47637090000
VTBR;D;06/01/22;00:00:00;0.0473650;0.0485000;0.0470500;0.0484450;39690360000
VTBR;D;10/01/22;00:00:00;0.0486800;0.0492650;0.0482200;0.0489500;34752810000
VTBR;D;11/01/22;00:00:00;0.0489950;0.0504000;0.0486750;0.0502600;47473490000
VTBR;D;12/01/22;00:00:00;0.0502400;0.0508600;0.0498750;0.0501100;48695060000
VTBR;D;13/01/22;00:00:00;0.0500900;0.0502400;0.0458400;0.0470750;173662550000
VTBR;D;14/01/22;00:00:00;0.0473750;0.0479900;0.0438400;0.0464100;195047170000
VTBR;D;17/01/22;00:00:00;0.0465050;0.0468250;0.0448600;0.0465000;106291620000
VTBR;D;18/01/22;00:00:00;0.0465350;0.0466950;0.0430700;0.0436350;157232450000
VTBR;D;19/01/22;00:00:00;0.0430450;0.0465000;0.0411250;0.0452750;149932310000
VTBR;D;20/01/22;00:00:00;0.0452650;0.0468200;0.0448050;0.0454150;102642330000
VTBR;D;21/01/22;00:00:00;0.0450950;0.0462500;0.0437600;0.0439350;80605280000
VTBR;D;24/01/22;00:00:00;0.0443600;0.0444850;0.0395500;0.0411800;217292640000
VTBR;D;25/01/22;00:00:00;0.0409950;0.0427000;0.0406000;0.0425350;139074340000
VTBR;D;26/01/22;00:00:00;0.0425400;0.0427750;0.0405500;0.0412900;174290320000
VTBR;D;27/01/22;00:00:00;0.0407800;0.0441200;0.0406650;0.0431000;150166500000
VTBR;D;28/01/22;00:00:00;0.0433000;0.0442550;0.0426450;0.0433950;75263310000
VTBR;D;31/01/22;00:00:00;0.0435650;0.0444000;0.0430000;0.0437800;94736510000
VTBR;D;01/02/22;00:00:00;0.0438000;0.0440950;0.0422150;0.0426950;94942590000
VTBR;D;02/02/22;00:00:00;0.0429400;0.0432250;0.0418800;0.0424000;67025650000
VTBR;D;03/02/22;00:00:00;0.0421950;0.0423450;0.0408000;0.0412450;67836610000
VTBR;D;04/02/22;00:00:00;0.0416200;0.0421250;0.0407250;0.0412500;66771180000
VTBR;D;07/02/22;00:00:00;0.0412000;0.0416400;0.0405750;0.0411000;51173100000
VTBR;D;08/02/22;00:00:00;0.0411950;0.0422300;0.0408850;0.0422050;97398660000
VTBR;D;09/02/22;00:00:00;0.0423400;0.0430000;0.0420550;0.0427400;119411110000
VTBR;D;10/02/22;00:00:00;0.0427400;0.0429000;0.0416500;0.0419000;104282660000
VTBR;D;11/02/22;00:00:00;0.0418200;0.0420500;0.0401000;0.0405000;102153250000
VTBR;D;14/02/22;00:00:00;0.0400400;0.0405500;0.0386350;0.0402850;144102300000
VTBR;D;15/02/22;00:00:00;0.0404000;0.0418950;0.0403350;0.0418850;97496180000
VTBR;D;16/02/22;00:00:00;0.0420450;0.0433800;0.0420000;0.0429250;121135790000
VTBR;D;17/02/22;00:00:00;0.0429250;0.0429500;0.0408600;0.0411850;115789030000
VTBR;D;18/02/22;00:00:00;0.0413700;0.0418800;0.0388200;0.0392900;135828150000
VTBR;D;21/02/22;00:00:00;0.0391500;0.0402000;0.0292000;0.0321200;472533630000
VTBR;D;22/02/22;00:00:00;0.0319700;0.0345800;0.0289600;0.0342150;417804630000
VTBR;D;24/02/22;00:00:00;0.0305100;0.0305100;0.0163900;0.0201000;425562810000
VTBR;D;25/02/22;00:00:00;0.0202000;0.0226950;0.0182500;0.0201100;220823080000
VTBR;D;24/03/22;00:00:00;0.0181100;0.0217700;0.0159950;0.0190000;128516470000
VTBR;D;25/03/22;00:00:00;0.0196850;0.0198050;0.0171000;0.0175000;71122410000
VTBR;D;28/03/22;00:00:00;0.0175500;0.0176950;0.0165000;0.0168500;37849850000
VTBR;D;29/03/22;00:00:00;0.0168700;0.0179450;0.0162200;0.0165000;58790390000
VTBR;D;30/03/22;00:00:00;0.0175000;0.0175450;0.0169450;0.0171550;40451440000
VTBR;D;31/03/22;00:00:00;0.0173550;0.0199200;0.0173550;0.0198000;183083970000
VTBR;D;01/04/22;00:00:00;0.0205000;0.0238450;0.0198950;0.0225000;241831410000
VTBR;D;04/04/22;00:00:00;0.0230200;0.0251500;0.0225000;0.0251000;298584840000
VTBR;D;05/04/22;00:00:00;0.0258100;0.0263600;0.0218000;0.0230800;359917190000
VTBR;D;06/04/22;00:00:00;0.0220900;0.0235000;0.0212200;0.0219500;148251240000
VTBR;D;07/04/22;00:00:00;0.0219950;0.0231150;0.0219950;0.0228100;80776180000
VTBR;D;08/04/22;00:00:00;0.0230600;0.0232800;0.0220050;0.0223600;55110920000
VTBR;D;11/04/22;00:00:00;0.0220700;0.0226300;0.0214000;0.0215000;58669590000
VTBR;D;12/04/22;00:00:00;0.0216950;0.0216950;0.0201500;0.0211100;72511420000
VTBR;D;13/04/22;00:00:00;0.0214300;0.0216150;0.0208300;0.0211350;36731250000
VTBR;D;14/04/22;00:00:00;0.0212250;0.0213000;0.0199050;0.0199350;44005550000
VTBR;D;15/04/22;00:00:00;0.0199100;0.0206200;0.0191050;0.0201250;63198340000
VTBR;D;18/04/22;00:00:00;0.0202750;0.0205000;0.0190200;0.0190250;43331310000
VTBR;D;19/04/22;00:00:00;0.0190000;0.0190000;0.0178600;0.0186950;63169520000
VTBR;D;20/04/22;00:00:00;0.0188050;0.0193550;0.0182250;0.0192950;60132100000
VTBR;D;21/04/22;00:00:00;0.0192100;0.0192800;0.0187150;0.0189800;29392050000
VTBR;D;22/04/22;00:00:00;0.0188600;0.0196000;0.0186800;0.0188100;31936630000
VTBR;D;25/04/22;00:00:00;0.0186650;0.0187000;0.0180300;0.0181550;30698630000
VTBR;D;26/04/22;00:00:00;0.0182500;0.0195650;0.0181200;0.0191250;59028070000
VTBR;D;27/04/22;00:00:00;0.0191950;0.0201000;0.0189000;0.0199000;77796630000
VTBR;D;28/04/22;00:00:00;0.0201000;0.0203950;0.0190300;0.0191150;70869050000
VTBR;D;29/04/22;00:00:00;0.0194950;0.0203900;0.0192800;0.0200950;102138410000
VTBR;D;04/05/22;00:00:00;0.0200850;0.0204950;0.0195200;0.0195900;41537560000
VTBR;D;05/05/22;00:00:00;0.0197400;0.0199150;0.0196000;0.0197950;19562390000
VTBR;D;06/05/22;00:00:00;0.0197500;0.0197500;0.0192450;0.0194800;21465400000
VTBR;D;11/05/22;00:00:00;0.0194300;0.0197500;0.0191750;0.0193050;24199980000
VTBR;D;12/05/22;00:00:00;0.0193050;0.0193750;0.0183450;0.0185550;26767340000
VTBR;D;13/05/22;00:00:00;0.0188250;0.0188950;0.0184600;0.0186500;15142150000
VTBR;D;16/05/22;00:00:00;0.0188250;0.0191450;0.0186500;0.0189800;19900740000
VTBR;D;17/05/22;00:00:00;0.0191800;0.0194800;0.0190100;0.0193300;26808760000
VTBR;D;18/05/22;00:00:00;0.0194450;0.0199200;0.0192000;0.0192000;37470010000
VTBR;D;19/05/22;00:00:00;0.0192000;0.0193800;0.0189100;0.0191700;19583300000
VTBR;D;20/05/22;00:00:00;0.0192800;0.0193900;0.0187250;0.0188750;20754880000
VTBR;D;23/05/22;00:00:00;0.0189750;0.0190850;0.0185050;0.0185700;18697890000
VTBR;D;24/05/22;00:00:00;0.0185250;0.0188800;0.0181000;0.0187050;26887610000
VTBR;D;25/05/22;00:00:00;0.0188000;0.0189400;0.0185000;0.0188100;20782040000
VTBR;D;26/05/22;00:00:00;0.0188700;0.0190800;0.0186350;0.0188000;32774150000
VTBR;D;27/05/22;00:00:00;0.0188400;0.0188750;0.0185500;0.0186000;18952420000
VTBR;D;30/05/22;00:00:00;0.0186550;0.0187600;0.0182650;0.0183000;25528620000
VTBR;D;31/05/22;00:00:00;0.0182500;0.0183900;0.0181050;0.0183100;14949870000
VTBR;D;01/06/22;00:00:00;0.0182400;0.0185900;0.0181000;0.0184950;24578460000
VTBR;D;02/06/22;00:00:00;0.0184400;0.0185000;0.0179150;0.0179350;30259930000
VTBR;D;03/06/22;00:00:00;0.0179350;0.0180950;0.0174250;0.0175500;30172470000
VTBR;D;06/06/22;00:00:00;0.0175600;0.0176800;0.0172000;0.0174150;20448590000
VTBR;D;07/06/22;00:00:00;0.0174200;0.0174200;0.0169550;0.0172100;26198300000
VTBR;D;08/06/22;00:00:00;0.0172600;0.0176950;0.0171250;0.0173400;26589610000
VTBR;D;09/06/22;00:00:00;0.0174000;0.0174150;0.0169750;0.0170300;16235280000
VTBR;D;10/06/22;00:00:00;0.0170700;0.0171900;0.0169500;0.0170000;15995740000
VTBR;D;14/06/22;00:00:00;0.0169900;0.0176500;0.0167500;0.0174950;32441280000
VTBR;D;15/06/22;00:00:00;0.0175250;0.0179700;0.0175200;0.0176000;35771130000
VTBR;D;16/06/22;00:00:00;0.0176550;0.0178350;0.0175000;0.0177950;31402580000
VTBR;D;17/06/22;00:00:00;0.0178050;0.0182100;0.0177150;0.0179000;39078130000
VTBR;D;20/06/22;00:00:00;0.0180450;0.0188550;0.0180000;0.0187400;48069830000
VTBR;D;21/06/22;00:00:00;0.0189000;0.0189700;0.0182000;0.0182050;47016910000
VTBR;D;22/06/22;00:00:00;0.0180950;0.0185100;0.0178100;0.0185100;39241420000
VTBR;D;23/06/22;00:00:00;0.0185000;0.0189700;0.0182750;0.0185850;51670650000
VTBR;D;24/06/22;00:00:00;0.0186750;0.0187850;0.0183250;0.0186000;26523510000
VTBR;D;27/06/22;00:00:00;0.0185950;0.0191700;0.0185500;0.0191000;47820820000
VTBR;D;28/06/22;00:00:00;0.0191550;0.0195300;0.0188200;0.0193000;53870480000
VTBR;D;29/06/22;00:00:00;0.0193400;0.0193450;0.0185850;0.0187050;35825570000
VTBR;D;30/06/22;00:00:00;0.0186950;0.0189500;0.0176000;0.0177800;57666130000
VTBR;D;01/07/22;00:00:00;0.0177050;0.0182500;0.0173150;0.0175050;33432430000
VTBR;D;04/07/22;00:00:00;0.0177650;0.0185500;0.0177600;0.0185500;41369330000
VTBR;D;05/07/22;00:00:00;0.0185600;0.0191000;0.0184950;0.0187850;61697750000
VTBR;D;06/07/22;00:00:00;0.0186250;0.0191000;0.0185850;0.0187200;31550960000
VTBR;D;07/07/22;00:00:00;0.0188100;0.0188800;0.0185000;0.0187350;22793800000
VTBR;D;08/07/22;00:00:00;0.0188500;0.0189400;0.0186200;0.0188300;18528610000
VTBR;D;11/07/22;00:00:00;0.0187000;0.0188700;0.0182700;0.0183250;23498180000
VTBR;D;12/07/22;00:00:00;0.0183600;0.0184750;0.0180500;0.0181650;30734330000
VTBR;D;13/07/22;00:00:00;0.0182950;0.0184300;0.0177700;0.0178850;24043470000
VTBR;D;14/07/22;00:00:00;0.0179200;0.0182000;0.0177350;0.0177500;22500680000
VTBR;D;15/07/22;00:00:00;0.0178600;0.0180650;0.0176800;0.0179850;23278790000
VTBR;D;18/07/22;00:00:00;0.0180700;0.0182350;0.0178750;0.0180800;19889820000
VTBR;D;19/07/22;00:00:00;0.0180950;0.0184150;0.0178300;0.0184050;30456000000
VTBR;D;20/07/22;00:00:00;0.0185200;0.0187450;0.0182050;0.0182300;31897170000
VTBR;D;21/07/22;00:00:00;0.0182300;0.0183150;0.0178750;0.0181800;24686980000
VTBR;D;22/07/22;00:00:00;0.0181700;0.0185650;0.0181350;0.0183900;23638050000
VTBR;D;25/07/22;00:00:00;0.0183500;0.0186750;0.0182700;0.0185100;21544340000
VTBR;D;26/07/22;00:00:00;0.0185700;0.0187700;0.0185100;0.0186300;22149170000
VTBR;D;27/07/22;00:00:00;0.0186300;0.0188500;0.0184000;0.0184500;26586790000
VTBR;D;28/07/22;00:00:00;0.0185650;0.0186350;0.0182750;0.0185000;16013640000
VTBR;D;29/07/22;00:00:00;0.0185400;0.0186000;0.0183500;0.0185850;16427800000
VTBR;D;01/08/22;00:00:00;0.0185950;0.0186150;0.0181550;0.0181550;19909500000
VTBR;D;02/08/22;00:00:00;0.0181450;0.0182700;0.0179850;0.0180100;20967480000
VTBR;D;03/08/22;00:00:00;0.0180450;0.0181500;0.0178000;0.0178000;19763460000
VTBR;D;04/08/22;00:00:00;0.0178900;0.0180850;0.0178050;0.0179450;15671130000
VTBR;D;05/08/22;00:00:00;0.0180150;0.0180250;0.0174550;0.0176200;25324400000
VTBR;D;08/08/22;00:00:00;0.0178500;0.0179950;0.0176550;0.0176550;23712320000
VTBR;D;09/08/22;00:00:00;0.0177100;0.0179350;0.0175350;0.0179200;18264820000
VTBR;D;10/08/22;00:00:00;0.0178800;0.0181250;0.0177850;0.0180700;18717920000
VTBR;D;11/08/22;00:00:00;0.0181000;0.0181700;0.0177550;0.0178500;18812880000
VTBR;D;12/08/22;00:00:00;0.0178550;0.0180000;0.0176800;0.0179550;14779500000
VTBR;D;15/08/22;00:00:00;0.0179200;0.0180850;0.0177900;0.0180000;17773190000
VTBR;D;16/08/22;00:00:00;0.0180300;0.0181300;0.0179150;0.0180650;17934070000
VTBR;D;17/08/22;00:00:00;0.0181100;0.0185000;0.0181100;0.0181800;41010650000
VTBR;D;18/08/22;00:00:00;0.0181900;0.0183000;0.0180200;0.0181400;15496020000
VTBR;D;19/08/22;00:00:00;0.0181800;0.0181800;0.0179150;0.0180000;16957090000
VTBR;D;22/08/22;00:00:00;0.0179650;0.0181100;0.0178750;0.0180400;16459050000
VTBR;D;23/08/22;00:00:00;0.0180100;0.0183650;0.0180100;0.0183300;22557560000
VTBR;D;24/08/22;00:00:00;0.0183850;0.0184400;0.0181500;0.0182750;17098860000
VTBR;D;25/08/22;00:00:00;0.0182750;0.0184000;0.0181000;0.0181450;15843970000
VTBR;D;26/08/22;00:00:00;0.0181950;0.0182950;0.0181000;0.0182400;10832780000
VTBR;D;29/08/22;00:00:00;0.0182350;0.0186900;0.0181800;0.0186500;26883380000
VTBR;D;30/08/22;00:00:00;0.0187500;0.0189800;0.0185600;0.0187950;49812660000
VTBR;D;31/08/22;00:00:00;0.0191500;0.0195700;0.0189250;0.0193450;76951710000
VTBR;D;01/09/22;00:00:00;0.0193450;0.0196850;0.0191250;0.0195300;48242830000
VTBR;D;02/09/22;00:00:00;0.0196550;0.0201800;0.0195000;0.0200900;78642590000
VTBR;D;05/09/22;00:00:00;0.0201800;0.0206900;0.0197600;0.0206700;72265010000
VTBR;D;06/09/22;00:00:00;0.0205350;0.0208000;0.0195050;0.0199100;99650270000
VTBR;D;07/09/22;00:00:00;0.0199150;0.0204600;0.0197000;0.0198800;57437290000
VTBR;D;08/09/22;00:00:00;0.0199000;0.0201000;0.0196000;0.0196500;47956600000
VTBR;D;09/09/22;00:00:00;0.0198000;0.0199500;0.0196600;0.0198600;30038190000
VTBR;D;12/09/22;00:00:00;0.0197500;0.0202800;0.0196300;0.0201300;48490620000
VTBR;D;13/09/22;00:00:00;0.0202350;0.0203850;0.0199100;0.0199450;46004310000
VTBR;D;14/09/22;00:00:00;0.0199100;0.0201050;0.0196500;0.0200450;44456110000
VTBR;D;15/09/22;00:00:00;0.0200400;0.0201500;0.0198900;0.0200350;32113790000
VTBR;D;16/09/22;00:00:00;0.0200100;0.0201950;0.0198200;0.0199400;38118060000
VTBR;D;19/09/22;00:00:00;0.0199000;0.0200700;0.0198350;0.0198750;24316620000
VTBR;D;20/09/22;00:00:00;0.0198800;0.0199700;0.0179500;0.0184500;131594300000
VTBR;D;21/09/22;00:00:00;0.0169950;0.0183000;0.0168050;0.0174300;96593990000
VTBR;D;22/09/22;00:00:00;0.0174600;0.0183100;0.0174350;0.0179500;57856640000
VTBR;D;23/09/22;00:00:00;0.0178850;0.0179700;0.0168500;0.0170150;61070610000
VTBR;D;26/09/22;00:00:00;0.0166300;0.0167750;0.0151900;0.0153750;130675580000
VTBR;D;27/09/22;00:00:00;0.0157950;0.0161400;0.0153950;0.0158650;74916560000
VTBR;D;28/09/22;00:00:00;0.0158000;0.0161500;0.0150600;0.0155150;62528900000
VTBR;D;29/09/22;00:00:00;0.0155900;0.0156800;0.0145050;0.0149700;73837430000
VTBR;D;30/09/22;00:00:00;0.0150550;0.0151750;0.0142250;0.0149300;128952850000
VTBR;D;03/10/22;00:00:00;0.0150000;0.0158400;0.0148100;0.0157250;74457530000
VTBR;D;04/10/22;00:00:00;0.0158650;0.0159100;0.0150100;0.0153000;71999340000
VTBR;D;05/10/22;00:00:00;0.0152700;0.0152950;0.0146550;0.0152000;53019410000
VTBR;D;06/10/22;00:00:00;0.0152600;0.0154750;0.0150400;0.0151400;30607620000
VTBR;D;07/10/22;00:00:00;0.0151000;0.0151100;0.0144000;0.0144250;42897970000
VTBR;D;10/10/22;00:00:00;0.0140250;0.0150600;0.0138800;0.0149200;56757550000
VTBR;D;11/10/22;00:00:00;0.0150050;0.0153550;0.0147450;0.0152250;41066190000
VTBR;D;12/10/22;00:00:00;0.0152400;0.0153900;0.0150650;0.0152300;27748420000
VTBR;D;13/10/22;00:00:00;0.0152400;0.0155000;0.0150850;0.0152750;27310840000
VTBR;D;14/10/22;00:00:00;0.0153250;0.0153850;0.0148500;0.0152000;42600730000
VTBR;D;17/10/22;00:00:00;0.0152150;0.0158950;0.0151600;0.0157950;45520750000
VTBR;D;18/10/22;00:00:00;0.0158800;0.0163850;0.0156100;0.0157300;77058330000
VTBR;D;19/10/22;00:00:00;0.0157400;0.0159500;0.0155250;0.0158350;71484150000
VTBR;D;20/10/22;00:00:00;0.0159000;0.0162850;0.0157850;0.0160600;59725010000
VTBR;D;21/10/22;00:00:00;0.0160600;0.0162650;0.0158100;0.0161800;42795980000
VTBR;D;24/10/22;00:00:00;0.0162500;0.0164300;0.0158800;0.0160800;45763990000
VTBR;D;25/10/22;00:00:00;0.0160800;0.0167600;0.0160250;0.0165500;63888620000
VTBR;D;26/10/22;00:00:00;0.0165550;0.0169400;0.0164300;0.0167550;51196600000
VTBR;D;27/10/22;00:00:00;0.0167900;0.0169950;0.0166100;0.0168350;49698050000
VTBR;D;28/10/22;00:00:00;0.0167800;0.0170000;0.0165000;0.0169150;45047600000
VTBR;D;31/10/22;00:00:00;0.0169200;0.0171450;0.0167600;0.0168400;33557750000
VTBR;D;01/11/22;00:00:00;0.0169150;0.0169900;0.0167800;0.0168450;23870420000
VTBR;D;02/11/22;00:00:00;0.0168750;0.0168800;0.0162250;0.0164000;32637520000
VTBR;D;03/11/22;00:00:00;0.0163950;0.0164900;0.0161100;0.0164000;28339000000
VTBR;D;07/11/22;00:00:00;0.0165850;0.0168850;0.0164850;0.0168600;47596960000
VTBR;D;08/11/22;00:00:00;0.0168950;0.0174250;0.0167000;0.0172500;69861690000
VTBR;D;09/11/22;00:00:00;0.0172050;0.0174050;0.0165200;0.0165900;62362940000
VTBR;D;10/11/22;00:00:00;0.0167350;0.0173600;0.0166550;0.0172900;90655830000
VTBR;D;11/11/22;00:00:00;0.0173400;0.0173950;0.0169800;0.0171600;47450830000
VTBR;D;14/11/22;00:00:00;0.0172050;0.0177100;0.0170700;0.0174250;55949980000
VTBR;D;15/11/22;00:00:00;0.0174650;0.0176550;0.0163150;0.0168050;78270280000
VTBR;D;16/11/22;00:00:00;0.0169500;0.0172000;0.0169100;0.0170800;34832870000
VTBR;D;17/11/22;00:00:00;0.0171200;0.0173100;0.0169600;0.0171150;31571330000
VTBR;D;18/11/22;00:00:00;0.0171200;0.0171850;0.0169200;0.0170350;23871800000
VTBR;D;21/11/22;00:00:00;0.0170650;0.0170650;0.0167000;0.0168800;31465150000
VTBR;D;22/11/22;00:00:00;0.0168100;0.0170300;0.0167950;0.0169900;23021210000
VTBR;D;23/11/22;00:00:00;0.0170000;0.0171900;0.0169000;0.0170600;23299910000
VTBR;D;24/11/22;00:00:00;0.0170650;0.0172150;0.0169850;0.0170350;21542020000
VTBR;D;25/11/22;00:00:00;0.0170100;0.0170900;0.0169450;0.0169800;14000580000
VTBR;D;28/11/22;00:00:00;0.0168650;0.0169450;0.0167700;0.0168500;21569090000
VTBR;D;29/11/22;00:00:00;0.0169000;0.0169500;0.0168350;0.0169150;13016640000
VTBR;D;30/11/22;00:00:00;0.0169750;0.0169750;0.0168150;0.0169400;10565450000
VTBR;D;01/12/22;00:00:00;0.0169800;0.0170500;0.0168300;0.0169350;15804920000
VTBR;D;02/12/22;00:00:00;0.0169100;0.0169100;0.0167900;0.0168300;14531320000
VTBR;D;05/12/22;00:00:00;0.0168450;0.0172550;0.0167850;0.0169800;48805460000
VTBR;D;06/12/22;00:00:00;0.0170600;0.0171250;0.0157000;0.0167100;67878900000
VTBR;D;07/12/22;00:00:00;0.0166000;0.0169650;0.0163100;0.0168000;92409300000
VTBR;D;08/12/22;00:00:00;0.0168900;0.0169450;0.0166300;0.0167100;25173860000
VTBR;D;09/12/22;00:00:00;0.0167000;0.0168450;0.0166150;0.0167150;19195680000
VTBR;D;12/12/22;00:00:00;0.0167150;0.0167800;0.0166100;0.0166900;16460710000
VTBR;D;13/12/22;00:00:00;0.0167100;0.0167250;0.0165850;0.0166300;17115280000
VTBR;D;14/12/22;00:00:00;0.0166300;0.0166450;0.0163200;0.0164150;25623930000
VTBR;D;15/12/22;00:00:00;0.0163700;0.0164200;0.0160450;0.0161250;36478020000
VTBR;D;16/12/22;00:00:00;0.0161050;0.0162900;0.0160800;0.0161800;17132250000
VTBR;D;19/12/22;00:00:00;0.0161300;0.0162400;0.0160100;0.0160300;24284010000
VTBR;D;20/12/22;00:00:00;0.0159950;0.0164900;0.0158800;0.0164250;34429850000
VTBR;D;21/12/22;00:00:00;0.0164850;0.0165350;0.0162100;0.0163800;21706230000
VTBR;D;22/12/22;00:00:00;0.0164450;0.0171800;0.0163200;0.0170450;91634950000
VTBR;D;23/12/22;00:00:00;0.0170450;0.0171500;0.0169000;0.0169300;40127950000
VTBR;D;26/12/22;00:00:00;0.0170100;0.0172000;0.0169550;0.0171050;40149070000
VTBR;D;27/12/22;00:00:00;0.0171750;0.0173350;0.0169400;0.0170000;44682240000
VTBR;D;28/12/22;00:00:00;0.0169950;0.0170450;0.0162200;0.0164750;148049690000
VTBR;D;29/12/22;00:00:00;0.0164900;0.0166700;0.0163650;0.0166100;38538600000
VTBR;D;30/12/22;00:00:00;0.0166500;0.0167200;0.0163500;0.0163900;50954270000
VTBR;D;03/01/23;00:00:00;0.0163800;0.0165000;0.0163450;0.0164450;21271860000
VTBR;D;04/01/23;00:00:00;0.0164400;0.0165250;0.0163800;0.0164300;12758510000
VTBR;D;05/01/23;00:00:00;0.0164900;0.0164900;0.0162350;0.0163200;15480360000
VTBR;D;06/01/23;00:00:00;0.0163350;0.0163550;0.0161700;0.0162050;16097750000
VTBR;D;09/01/23;00:00:00;0.0162750;0.0165350;0.0162300;0.0164600;39479900000
VTBR;D;10/01/23;00:00:00;0.0164200;0.0164400;0.0163000;0.0163650;17301730000
VTBR;D;11/01/23;00:00:00;0.0163500;0.0167600;0.0163200;0.0166800;52799380000
VTBR;D;12/01/23;00:00:00;0.0167600;0.0167800;0.0165200;0.0165850;30803420000
VTBR;D;13/01/23;00:00:00;0.0165700;0.0168200;0.0164650;0.0166450;41096090000
VTBR;D;16/01/23;00:00:00;0.0167200;0.0171450;0.0167150;0.0171300;59552400000
VTBR;D;17/01/23;00:00:00;0.0171400;0.0171700;0.0167000;0.0167100;51315650000
VTBR;D;18/01/23;00:00:00;0.0167450;0.0169600;0.0166550;0.0167300;31598950000
VTBR;D;19/01/23;00:00:00;0.0167300;0.0168200;0.0165050;0.0166500;40531270000
VTBR;D;20/01/23;00:00:00;0.0166800;0.0167350;0.0165250;0.0167150;19873410000
VTBR;D;23/01/23;00:00:00;0.0167700;0.0168800;0.0167000;0.0168200;27854880000
VTBR;D;24/01/23;00:00:00;0.0168400;0.0169000;0.0165800;0.0165900;27503440000
VTBR;D;25/01/23;00:00:00;0.0165900;0.0167500;0.0163300;0.0166300;45047970000
VTBR;D;26/01/23;00:00:00;0.0166650;0.0167350;0.0165550;0.0166000;18822490000
VTBR;D;27/01/23;00:00:00;0.0165750;0.0166850;0.0165450;0.0165850;21751040000
VTBR;D;30/01/23;00:00:00;0.0165450;0.0170250;0.0164700;0.0167950;74325460000
VTBR;D;31/01/23;00:00:00;0.0168250;0.0169800;0.0167900;0.0169500;38845870000
VTBR;D;01/02/23;00:00:00;0.0169550;0.0173950;0.0169000;0.0171150;89491450000
VTBR;D;02/02/23;00:00:00;0.0171500;0.0172500;0.0168050;0.0170250;52951700000
VTBR;D;03/02/23;00:00:00;0.0170050;0.0170650;0.0166400;0.0169150;46821830000
VTBR;D;06/02/23;00:00:00;0.0169200;0.0171600;0.0168600;0.0171300;49249930000
VTBR;D;07/02/23;00:00:00;0.0170250;0.0173500;0.0168800;0.0171000;90711710000
VTBR;D;08/02/23;00:00:00;0.0171200;0.0172800;0.0169550;0.0170200;47761950000
VTBR;D;09/02/23;00:00:00;0.0170350;0.0170800;0.0169000;0.0169950;29827100000
VTBR;D;10/02/23;00:00:00;0.0170100;0.0170150;0.0169050;0.0169450;17534800000
VTBR;D;13/02/23;00:00:00;0.0169550;0.0170250;0.0167750;0.0168300;23028590000
VTBR;D;14/02/23;00:00:00;0.0168300;0.0168500;0.0164000;0.0168400;41019710000
VTBR;D;15/02/23;00:00:00;0.0166500;0.0166850;0.0159300;0.0160400;66786080000
VTBR;D;16/02/23;00:00:00;0.0161950;0.0163550;0.0158100;0.0160000;56961230000
VTBR;D;17/02/23;00:00:00;0.0159950;0.0161250;0.0158550;0.0159850;31679480000
VTBR;D;20/02/23;00:00:00;0.0160350;0.0163350;0.0159050;0.0162150;38431480000
VTBR;D;21/02/23;00:00:00;0.0162200;0.0166650;0.0162200;0.0164000;52675550000
VTBR;D;22/02/23;00:00:00;0.0163850;0.0164450;0.0162950;0.0163400;13081400000
VTBR;D;24/02/23;00:00:00;0.0163500;0.0164400;0.0160950;0.0162050;23759300000
VTBR;D;27/02/23;00:00:00;0.0161550;0.0165850;0.0161250;0.0164150;33991930000
VTBR;D;28/02/23;00:00:00;0.0164150;0.0166150;0.0163400;0.0164600;30745220000
VTBR;D;01/03/23;00:00:00;0.0165100;0.0166900;0.0164600;0.0166500;39723060000
VTBR;D;02/03/23;00:00:00;0.0166450;0.0167250;0.0162350;0.0164050;40073750000
VTBR;D;03/03/23;00:00:00;0.0164300;0.0166000;0.0163850;0.0165850;22263850000
VTBR;D;06/03/23;00:00:00;0.0166450;0.0168100;0.0166300;0.0167700;30677970000
VTBR;D;07/03/23;00:00:00;0.0168000;0.0168650;0.0166750;0.0167650;24468150000
VTBR;D;09/03/23;00:00:00;0.0167900;0.0168350;0.0166550;0.0166800;21167180000
VTBR;D;10/03/23;00:00:00;0.0166250;0.0166300;0.0164050;0.0164900;33073230000
VTBR;D;13/03/23;00:00:00;0.0165550;0.0166750;0.0163400;0.0164550;32527020000
VTBR;D;14/03/23;00:00:00;0.0164650;0.0166450;0.0163950;0.0165500;24974170000
VTBR;D;15/03/23;00:00:00;0.0165550;0.0166750;0.0163550;0.0164600;36079110000
VTBR;D;16/03/23;00:00:00;0.0164500;0.0165050;0.0162900;0.0164250;22686130000
VTBR;D;17/03/23;00:00:00;0.0164900;0.0168000;0.0164500;0.0166900;71790990000
VTBR;D;20/03/23;00:00:00;0.0173100;0.0191900;0.0171800;0.0189950;672112190000
VTBR;D;21/03/23;00:00:00;0.0189900;0.0193450;0.0180350;0.0182750;401412100000
VTBR;D;22/03/23;00:00:00;0.0182550;0.0186000;0.0181350;0.0184050;100705930000
VTBR;D;23/03/23;00:00:00;0.0184050;0.0185550;0.0180500;0.0181550;64334630000
VTBR;D;24/03/23;00:00:00;0.0182000;0.0182400;0.0177250;0.0179000;126429630000
VTBR;D;27/03/23;00:00:00;0.0179800;0.0184750;0.0179150;0.0183400;90308310000
VTBR;D;28/03/23;00:00:00;0.0183800;0.0185200;0.0180850;0.0183000;50902130000
VTBR;D;29/03/23;00:00:00;0.0183600;0.0184650;0.0181750;0.0183400;54037770000
VTBR;D;30/03/23;00:00:00;0.0183400;0.0184450;0.0182500;0.0183600;33758680000
VTBR;D;31/03/23;00:00:00;0.0183950;0.0184200;0.0178650;0.0181400;68290810000
VTBR;D;03/04/23;00:00:00;0.0181900;0.0200300;0.0180300;0.0199100;401631560000
VTBR;D;04/04/23;00:00:00;0.0199950;0.0209200;0.0197950;0.0203700;483741540000
VTBR;D;05/04/23;00:00:00;0.0204050;0.0204250;0.0187100;0.0188950;545335170000
VTBR;D;06/04/23;00:00:00;0.0188500;0.0191750;0.0186100;0.0187700;145526290000
VTBR;D;07/04/23;00:00:00;0.0187850;0.0188900;0.0186800;0.0188300;58893220000
VTBR;D;10/04/23;00:00:00;0.0189650;0.0190750;0.0188500;0.0190400;88028570000
VTBR;D;11/04/23;00:00:00;0.0190850;0.0191400;0.0183450;0.0185800;139371620000
VTBR;D;12/04/23;00:00:00;0.0186150;0.0188000;0.0184700;0.0186550;59918540000
VTBR;D;13/04/23;00:00:00;0.0187000;0.0188250;0.0184850;0.0186400;53271580000
VTBR;D;14/04/23;00:00:00;0.0186300;0.0187400;0.0184050;0.0186950;42787110000
VTBR;D;17/04/23;00:00:00;0.0188150;0.0194500;0.0187400;0.0193100;192718800000
VTBR;D;18/04/23;00:00:00;0.0193200;0.0194550;0.0190800;0.0194100;97317340000
VTBR;D;19/04/23;00:00:00;0.0195100;0.0198750;0.0188500;0.0193150;217803010000
VTBR;D;20/04/23;00:00:00;0.0194200;0.0203650;0.0193050;0.0200300;250328190000
VTBR;D;21/04/23;00:00:00;0.0200450;0.0203100;0.0198600;0.0201950;103508740000
VTBR;D;24/04/23;00:00:00;0.0201200;0.0206400;0.0199100;0.0200100;167303860000
VTBR;D;25/04/23;00:00:00;0.0200500;0.0201800;0.0196050;0.0197650;137479660000
VTBR;D;26/04/23;00:00:00;0.0198250;0.0208850;0.0197800;0.0207400;323518140000
VTBR;D;27/04/23;00:00:00;0.0208500;0.0227900;0.0208150;0.0224650;702910810000
VTBR;D;28/04/23;00:00:00;0.0225000;0.0229500;0.0217500;0.0222200;468352280000
VTBR;D;02/05/23;00:00:00;0.0222750;0.0228750;0.0210950;0.0218800;370025960000
VTBR;D;03/05/23;00:00:00;0.0218600;0.0218600;0.0208000;0.0209550;294674910000
VTBR;D;04/05/23;00:00:00;0.0210700;0.0213500;0.0206050;0.0210950;197133090000
VTBR;D;05/05/23;00:00:00;0.0211350;0.0217950;0.0209000;0.0210600;237731810000
VTBR;D;08/05/23;00:00:00;0.0211700;0.0213150;0.0206750;0.0206900;99230760000
VTBR;D;10/05/23;00:00:00;0.0207650;0.0221800;0.0207500;0.0221000;286343900000
VTBR;D;11/05/23;00:00:00;0.0220900;0.0224550;0.0212200;0.0216650;313515060000
VTBR;D;12/05/23;00:00:00;0.0216150;0.0219200;0.0214100;0.0217100;135267770000
VTBR;D;15/05/23;00:00:00;0.0219600;0.0224900;0.0218100;0.0224800;137057380000
VTBR;D;16/05/23;00:00:00;0.0225450;0.0226900;0.0220100;0.0223300;137672050000
VTBR;D;17/05/23;00:00:00;0.0223650;0.0234850;0.0221150;0.0233450;435873930000
VTBR;D;18/05/23;00:00:00;0.0234550;0.0241450;0.0228100;0.0232100;499991520000
VTBR;D;19/05/23;00:00:00;0.0230900;0.0236400;0.0228100;0.0231300;220924010000
VTBR;D;22/05/23;00:00:00;0.0233950;0.0234800;0.0226100;0.0228850;170964670000
VTBR;D;23/05/23;00:00:00;0.0231250;0.0238000;0.0228000;0.0236600;302238790000
VTBR;D;24/05/23;00:00:00;0.0237750;0.0240700;0.0232900;0.0236250;291400320000
VTBR;D;25/05/23;00:00:00;0.0236000;0.0237500;0.0228800;0.0232200;254696600000
VTBR;D;26/05/23;00:00:00;0.0231400;0.0236400;0.0228800;0.0232500;221684160000
VTBR;D;29/05/23;00:00:00;0.0234550;0.0235900;0.0229250;0.0232050;219119720000
VTBR;D;30/05/23;00:00:00;0.0228550;0.0231950;0.0222800;0.0224850;231407610000
VTBR;D;31/05/23;00:00:00;0.0223600;0.0224750;0.0219550;0.0222000;176104280000
VTBR;D;01/06/23;00:00:00;0.0222550;0.0223600;0.0212650;0.0214250;194380620000
VTBR;D;02/06/23;00:00:00;0.0205100;0.0227500;0.0202300;0.0226300;618562840000
VTBR;D;05/06/23;00:00:00;0.0226600;0.0230300;0.0217000;0.0219050;298874300000
VTBR;D;06/06/23;00:00:00;0.0218450;0.0226250;0.0214600;0.0223350;214094990000
VTBR;D;07/06/23;00:00:00;0.0223450;0.0232450;0.0223200;0.0229600;360586200000
VTBR;D;08/06/23;00:00:00;0.0229150;0.0231700;0.0226750;0.0227500;169475440000
VTBR;D;09/06/23;00:00:00;0.0228200;0.0230750;0.0226500;0.0227850;118589880000
VTBR;D;13/06/23;00:00:00;0.0230100;0.0233300;0.0228150;0.0230200;183620640000
VTBR;D;14/06/23;00:00:00;0.0231200;0.0232300;0.0229200;0.0230500;104683950000
VTBR;D;15/06/23;00:00:00;0.0230400;0.0231000;0.0227600;0.0230500;108581180000
VTBR;D;16/06/23;00:00:00;0.0230600;0.0231650;0.0226850;0.0229750;110697820000
VTBR;D;19/06/23;00:00:00;0.0229400;0.0230600;0.0227800;0.0228850;87274530000
VTBR;D;20/06/23;00:00:00;0.0228200;0.0229000;0.0223650;0.0226950;114741440000
VTBR;D;21/06/23;00:00:00;0.0226950;0.0230000;0.0225250;0.0227750;90504800000
VTBR;D;22/06/23;00:00:00;0.0227200;0.0228150;0.0209000;0.0223300;122769880000
VTBR;D;23/06/23;00:00:00;0.0222050;0.0225250;0.0216000;0.0220000;209154200000
VTBR;D;26/06/23;00:00:00;0.0222750;0.0223500;0.0214250;0.0218800;189793000000
VTBR;D;27/06/23;00:00:00;0.0219400;0.0221550;0.0216100;0.0218100;128589240000
VTBR;D;28/06/23;00:00:00;0.0218250;0.0219500;0.0216000;0.0216750;77276810000
VTBR;D;29/06/23;00:00:00;0.0216500;0.0219500;0.0215500;0.0218050;96156660000
VTBR;D;30/06/23;00:00:00;0.0218150;0.0219350;0.0216450;0.0216850;50797120000
VTBR;D;03/07/23;00:00:00;0.0217850;0.0220900;0.0216750;0.0220900;112964170000
VTBR;D;04/07/23;00:00:00;0.0221450;0.0226950;0.0220700;0.0224300;217241950000
VTBR;D;05/07/23;00:00:00;0.0225250;0.0226650;0.0222050;0.0224400;98755880000
VTBR;D;06/07/23;00:00:00;0.0224500;0.0225550;0.0222950;0.0224150;97633990000
VTBR;D;07/07/23;00:00:00;0.0224350;0.0225100;0.0220250;0.0224850;84839410000
VTBR;D;10/07/23;00:00:00;0.0226500;0.0230250;0.0226200;0.0230100;139295950000
VTBR;D;11/07/23;00:00:00;0.0230200;0.0234500;0.0228500;0.0233600;258101450000
VTBR;D;12/07/23;00:00:00;0.0234300;0.0234850;0.0230200;0.0232000;150859970000
VTBR;D;13/07/23;00:00:00;0.0232300;0.0233500;0.0229000;0.0230750;96432900000
VTBR;D;14/07/23;00:00:00;0.0230500;0.0233700;0.0229400;0.0232750;86181420000
VTBR;D;17/07/23;00:00:00;0.0230850;0.0233450;0.0229150;0.0232300;85119560000
VTBR;D;18/07/23;00:00:00;0.0232650;0.0236750;0.0232200;0.0235400;158394080000
VTBR;D;19/07/23;00:00:00;0.0236050;0.0236350;0.0232800;0.0233500;83678200000
VTBR;D;20/07/23;00:00:00;0.0234000;0.0234100;0.0227100;0.0227600;135384300000
VTBR;D;21/07/23;00:00:00;0.0228050;0.0231150;0.0227600;0.0230350;81577090000
VTBR;D;24/07/23;00:00:00;0.0231000;0.0232900;0.0230150;0.0232250;57414910000
VTBR;D;25/07/23;00:00:00;0.0232550;0.0234100;0.0231800;0.0233100;62670700000
VTBR;D;26/07/23;00:00:00;0.0233200;0.0235600;0.0232100;0.0234900;91224560000
VTBR;D;27/07/23;00:00:00;0.0235550;0.0253000;0.0235450;0.0251000;514180370000
VTBR;D;28/07/23;00:00:00;0.0251300;0.0252850;0.0246350;0.0250800;227129190000
VTBR;D;31/07/23;00:00:00;0.0253500;0.0259500;0.0252400;0.0258150;251729180000
VTBR;D;01/08/23;00:00:00;0.0259100;0.0260000;0.0254150;0.0256300;195215390000
VTBR;D;02/08/23;00:00:00;0.0256300;0.0256850;0.0253400;0.0256000;98095980000
VTBR;D;03/08/23;00:00:00;0.0255500;0.0273100;0.0254150;0.0270700;425276690000
VTBR;D;04/08/23;00:00:00;0.0271000;0.0275500;0.0259400;0.0265250;392131170000
VTBR;D;07/08/23;00:00:00;0.0266200;0.0270400;0.0256300;0.0260750;204235470000
VTBR;D;08/08/23;00:00:00;0.0260000;0.0266600;0.0254000;0.0266600;221728840000
VTBR;D;09/08/23;00:00:00;0.0267100;0.0269650;0.0262400;0.0265450;121249640000
VTBR;D;10/08/23;00:00:00;0.0266850;0.0288000;0.0265250;0.0285500;649453760000
VTBR;D;11/08/23;00:00:00;0.0285350;0.0288200;0.0280800;0.0283000;247000680000
VTBR;D;14/08/23;00:00:00;0.0286400;0.0287900;0.0272700;0.0274600;302253490000
VTBR;D;15/08/23;00:00:00;0.0272400;0.0279900;0.0270550;0.0271950;192399520000
VTBR;D;16/08/23;00:00:00;0.0273150;0.0274050;0.0262550;0.0267750;222313760000
VTBR;D;17/08/23;00:00:00;0.0270050;0.0280800;0.0265550;0.0278450;203779770000
VTBR;D;18/08/23;00:00:00;0.0279000;0.0283200;0.0276050;0.0279600;195847260000
VTBR;D;21/08/23;00:00:00;0.0281250;0.0282400;0.0277150;0.0278700;103141040000
VTBR;D;22/08/23;00:00:00;0.0278650;0.0279000;0.0275050;0.0277350;97657060000
VTBR;D;23/08/23;00:00:00;0.0278100;0.0278100;0.0267700;0.0270200;160564460000
VTBR;D;24/08/23;00:00:00;0.0271950;0.0276500;0.0269050;0.0276250;100953420000
VTBR;D;25/08/23;00:00:00;0.0276200;0.0280450;0.0275000;0.0278550;112597250000
VTBR;D;28/08/23;00:00:00;0.0279650;0.0285000;0.0279500;0.0284350;138392560000
VTBR;D;29/08/23;00:00:00;0.0284400;0.0286400;0.0280500;0.0282400;125144000000
VTBR;D;30/08/23;00:00:00;0.0283050;0.0283750;0.0278500;0.0281000;85658230000
VTBR;D;31/08/23;00:00:00;0.0281800;0.0291750;0.0281500;0.0288250;264151520000
VTBR;D;01/09/23;00:00:00;0.0288250;0.0289900;0.0285750;0.0287900;86901590000
VTBR;D;04/09/23;00:00:00;0.0289950;0.0293850;0.0288900;0.0292950;137960900000
VTBR;D;05/09/23;00:00:00;0.0292750;0.0293150;0.0287000;0.0289950;150392350000
VTBR;D;06/09/23;00:00:00;0.0289950;0.0289950;0.0283150;0.0285150;98768090000
VTBR;D;07/09/23;00:00:00;0.0285000;0.0287150;0.0270750;0.0275450;231372030000
VTBR;D;08/09/23;00:00:00;0.0276700;0.0277400;0.0267350;0.0271900;162441130000
VTBR;D;11/09/23;00:00:00;0.0271400;0.0275450;0.0265200;0.0266650;170865450000
VTBR;D;12/09/23;00:00:00;0.0269350;0.0274200;0.0267000;0.0273550;130835110000
VTBR;D;13/09/23;00:00:00;0.0274000;0.0275750;0.0265550;0.0266700;108088910000
VTBR;D;14/09/23;00:00:00;0.0267050;0.0268200;0.0259250;0.0266050;162008090000
VTBR;D;15/09/23;00:00:00;0.0266650;0.0271800;0.0264900;0.0270850;111764890000
VTBR;D;18/09/23;00:00:00;0.0272400;0.0273750;0.0266700;0.0268700;95572930000
VTBR;D;19/09/23;00:00:00;0.0268700;0.0268700;0.0256300;0.0256700;203389110000
VTBR;D;20/09/23;00:00:00;0.0256500;0.0260000;0.0249050;0.0255400;231188940000
VTBR;D;21/09/23;00:00:00;0.0254850;0.0256700;0.0245150;0.0246000;165780990000
VTBR;D;22/09/23;00:00:00;0.0247150;0.0252500;0.0244800;0.0251250;146855150000
VTBR;D;25/09/23;00:00:00;0.0251900;0.0253500;0.0248550;0.0251200;84295490000
VTBR;D;26/09/23;00:00:00;0.0250550;0.0257150;0.0246800;0.0255000;132101540000
VTBR;D;27/09/23;00:00:00;0.0255600;0.0258850;0.0253400;0.0256150;92323310000
VTBR;D;28/09/23;00:00:00;0.0256250;0.0259850;0.0254400;0.0258050;104157770000
VTBR;D;29/09/23;00:00:00;0.0259100;0.0261000;0.0255500;0.0257000;96079820000
VTBR;D;02/10/23;00:00:00;0.0257500;0.0258700;0.0252000;0.0253100;87904900000
VTBR;D;03/10/23;00:00:00;0.0252600;0.0253800;0.0248950;0.0251900;91019780000
VTBR;D;04/10/23;00:00:00;0.0251400;0.0253800;0.0248000;0.0248900;73447240000
VTBR;D;05/10/23;00:00:00;0.0248900;0.0250250;0.0246300;0.0247950;75595860000
VTBR;D;06/10/23;00:00:00;0.0249850;0.0251700;0.0246400;0.0251500;78143010000
VTBR;D;09/10/23;00:00:00;0.0253600;0.0255850;0.0252350;0.0254700;134200490000
VTBR;D;10/10/23;00:00:00;0.0254450;0.0255250;0.0252500;0.0253400;62204320000
VTBR;D;11/10/23;00:00:00;0.0254000;0.0254700;0.0247400;0.0248450;87440990000
VTBR;D;12/10/23;00:00:00;0.0248500;0.0251950;0.0247500;0.0251750;62834850000
VTBR;D;13/10/23;00:00:00;0.0251700;0.0256400;0.0250400;0.0253800;81619840000
VTBR;D;16/10/23;00:00:00;0.0254900;0.0261400;0.0254400;0.0259800;120053660000
VTBR;D;17/10/23;00:00:00;0.0259650;0.0264750;0.0258500;0.0261950;139677640000
VTBR;D;18/10/23;00:00:00;0.0262550;0.0263950;0.0257600;0.0261200;91194560000
VTBR;D;19/10/23;00:00:00;0.0260550;0.0263900;0.0258650;0.0261700;68442450000
VTBR;D;20/10/23;00:00:00;0.0262200;0.0262250;0.0257300;0.0259950;88267730000
VTBR;D;23/10/23;00:00:00;0.0260650;0.0263000;0.0259650;0.0261100;63497540000
VTBR;D;24/10/23;00:00:00;0.0260950;0.0267650;0.0259850;0.0266150;107798020000
VTBR;D;25/10/23;00:00:00;0.0266050;0.0268700;0.0263000;0.0263950;94767310000
VTBR;D;26/10/23;00:00:00;0.0264650;0.0265400;0.0255000;0.0255500;158762860000
VTBR;D;27/10/23;00:00:00;0.0256000;0.0257000;0.0249500;0.0253300;140057680000
VTBR;D;30/10/23;00:00:00;0.0253000;0.0254900;0.0250950;0.0251600;52384930000
VTBR;D;31/10/23;00:00:00;0.0251000;0.0254100;0.0249000;0.0253150;79426890000
VTBR;D;01/11/23;00:00:00;0.0253400;0.0255450;0.0251200;0.0252000;71075430000
VTBR;D;02/11/23;00:00:00;0.0252600;0.0253350;0.0249200;0.0250550;64621180000
VTBR;D;03/11/23;00:00:00;0.0250500;0.0251200;0.0246950;0.0249000;65087280000
VTBR;D;06/11/23;00:00:00;0.0249350;0.0253700;0.0249050;0.0253650;39987160000
VTBR;D;07/11/23;00:00:00;0.0253550;0.0255450;0.0251050;0.0251700;65431240000
VTBR;D;08/11/23;00:00:00;0.0251800;0.0254450;0.0250550;0.0252150;62732060000
VTBR;D;09/11/23;00:00:00;0.0252200;0.0252650;0.0249400;0.0250050;52121090000
VTBR;D;10/11/23;00:00:00;0.0250150;0.0251450;0.0248450;0.0249050;55428570000
VTBR;D;13/11/23;00:00:00;0.0249100;0.0250000;0.0247050;0.0247750;54188560000
VTBR;D;14/11/23;00:00:00;0.0246950;0.0246950;0.0240100;0.0241050;123504570000
VTBR;D;15/11/23;00:00:00;0.0240950;0.0246250;0.0240550;0.0244350;84546770000
VTBR;D;16/11/23;00:00:00;0.0244400;0.0245750;0.0241000;0.0241500;42832480000
VTBR;D;17/11/23;00:00:00;0.0241300;0.0244400;0.0239400;0.0243850;59389980000
VTBR;D;20/11/23;00:00:00;0.0244450;0.0245950;0.0242200;0.0244150;42497960000
VTBR;D;21/11/23;00:00:00;0.0243400;0.0245500;0.0242550;0.0244800;34134110000
VTBR;D;22/11/23;00:00:00;0.0245150;0.0252000;0.0244850;0.0252000;94663420000
VTBR;D;23/11/23;00:00:00;0.0252000;0.0253000;0.0248600;0.0249100;55772950000
VTBR;D;24/11/23;00:00:00;0.0249350;0.0251600;0.0247100;0.0248450;61260860000
VTBR;D;27/11/23;00:00:00;0.0248800;0.0249950;0.0242500;0.0243000;69215110000
VTBR;D;28/11/23;00:00:00;0.0244250;0.0244300;0.0237800;0.0241300;74849150000
VTBR;D;29/11/23;00:00:00;0.0241500;0.0242950;0.0238600;0.0239000;43809670000
VTBR;D;30/11/23;00:00:00;0.0238900;0.0239500;0.0235000;0.0238850;72907910000
VTBR;D;01/12/23;00:00:00;0.0238700;0.0241250;0.0235200;0.0236100;60649830000
